User,Prompt
"Search query for lacking subtopic in ""Operasi Dasar"" at course Matematika,Tips bagaimana cara belajar tentang Operasi Dasar Matematika"
"Search query for lacking subtopic in ""Operasi Dasar"" at course Matematika,Artikel tentang Operasi Dasar Matematika untuk pemula"
"Search query for lacking subtopic in ""Operasi Dasar"" at course Matematika,Penjelasan mudah tentang Operasi Dasar dalam Matematika"
"Search query for lacking subtopic in ""Operasi Dasar"" at course Matematika,Bacaan menarik tentang Operasi Dasar dalam Matematika"
"Search query for lacking subtopic in ""Operasi Dasar"" at course Matematika,Strategi belajar efektif untuk memahami Operasi Dasar Matematika"
"Search query for lacking subtopic in ""Operasi Dasar"" at course Matematika,Langkah awal memahami Operasi Dasar dalam Matematika"
"Search query for lacking subtopic in ""Operasi Dasar"" at course Matematika,Panduan belajar Operasi Dasar untuk siswa Matematika"
"Search query for lacking subtopic in ""Operasi Dasar"" at course Matematika,Materi menarik untuk mendalami Operasi Dasar dalam Matematika"
"Search query for lacking subtopic in ""Operasi Dasar"" at course Matematika,Soal dan pembahasan terkait Operasi Dasar Matematika"
"Search query for lacking subtopic in ""Operasi Dasar"" at course Matematika,Video pembelajaran tentang Operasi Dasar dalam Matematika"
"Search query for lacking subtopic in ""Operasi Dasar"" at course Matematika,Cara kreatif untuk belajar Operasi Dasar di Matematika"
"Search query for lacking subtopic in ""Operasi Dasar"" at course Matematika,Kenapa Operasi Dasar penting dalam Matematika?"
"Search query for lacking subtopic in ""Operasi Dasar"" at course Matematika,Praktik sederhana untuk memahami Operasi Dasar dalam Matematika"
"Search query for lacking subtopic in ""Operasi Dasar"" at course Matematika,Latihan terbaik untuk menguasai Operasi Dasar di Matematika"
"Search query for lacking subtopic in ""Operasi Dasar"" at course Matematika,Bagaimana cara mengajarkan Operasi Dasar di Matematika untuk siswa?"
"Search query for lacking subtopic in ""Geometri Dasar"" at course Matematika,Tips bagaimana cara belajar tentang Geometri Dasar Matematika"
"Search query for lacking subtopic in ""Geometri Dasar"" at course Matematika,Artikel tentang Geometri Dasar Matematika untuk pemula"
"Search query for lacking subtopic in ""Geometri Dasar"" at course Matematika,Penjelasan mudah tentang Geometri Dasar dalam Matematika"
"Search query for lacking subtopic in ""Geometri Dasar"" at course Matematika,Bacaan menarik tentang Geometri Dasar dalam Matematika"
"Search query for lacking subtopic in ""Geometri Dasar"" at course Matematika,Strategi belajar efektif untuk memahami Geometri Dasar Matematika"
"Search query for lacking subtopic in ""Geometri Dasar"" at course Matematika,Langkah awal memahami Geometri Dasar dalam Matematika"
"Search query for lacking subtopic in ""Geometri Dasar"" at course Matematika,Panduan belajar Geometri Dasar untuk siswa Matematika"
"Search query for lacking subtopic in ""Geometri Dasar"" at course Matematika,Materi menarik untuk mendalami Geometri Dasar dalam Matematika"
"Search query for lacking subtopic in ""Geometri Dasar"" at course Matematika,Soal dan pembahasan terkait Geometri Dasar Matematika"
"Search query for lacking subtopic in ""Geometri Dasar"" at course Matematika,Video pembelajaran tentang Geometri Dasar dalam Matematika"
"Search query for lacking subtopic in ""Geometri Dasar"" at course Matematika,Cara kreatif untuk belajar Geometri Dasar di Matematika"
"Search query for lacking subtopic in ""Geometri Dasar"" at course Matematika,Kenapa Geometri Dasar penting dalam Matematika?"
"Search query for lacking subtopic in ""Geometri Dasar"" at course Matematika,Praktik sederhana untuk memahami Geometri Dasar dalam Matematika"
"Search query for lacking subtopic in ""Geometri Dasar"" at course Matematika,Latihan terbaik untuk menguasai Geometri Dasar di Matematika"
"Search query for lacking subtopic in ""Geometri Dasar"" at course Matematika,Bagaimana cara mengajarkan Geometri Dasar di Matematika untuk siswa?"
"Search query for lacking subtopic in ""Trigonometri Dasar"" at course Matematika,Tips bagaimana cara belajar tentang Trigonometri Dasar Matematika"
"Search query for lacking subtopic in ""Trigonometri Dasar"" at course Matematika,Artikel tentang Trigonometri Dasar Matematika untuk pemula"
"Search query for lacking subtopic in ""Trigonometri Dasar"" at course Matematika,Penjelasan mudah tentang Trigonometri Dasar dalam Matematika"
"Search query for lacking subtopic in ""Trigonometri Dasar"" at course Matematika,Bacaan menarik tentang Trigonometri Dasar dalam Matematika"
"Search query for lacking subtopic in ""Trigonometri Dasar"" at course Matematika,Strategi belajar efektif untuk memahami Trigonometri Dasar Matematika"
"Search query for lacking subtopic in ""Trigonometri Dasar"" at course Matematika,Langkah awal memahami Trigonometri Dasar dalam Matematika"
"Search query for lacking subtopic in ""Trigonometri Dasar"" at course Matematika,Panduan belajar Trigonometri Dasar untuk siswa Matematika"
"Search query for lacking subtopic in ""Trigonometri Dasar"" at course Matematika,Materi menarik untuk mendalami Trigonometri Dasar dalam Matematika"
"Search query for lacking subtopic in ""Trigonometri Dasar"" at course Matematika,Soal dan pembahasan terkait Trigonometri Dasar Matematika"
"Search query for lacking subtopic in ""Trigonometri Dasar"" at course Matematika,Video pembelajaran tentang Trigonometri Dasar dalam Matematika"
"Search query for lacking subtopic in ""Trigonometri Dasar"" at course Matematika,Cara kreatif untuk belajar Trigonometri Dasar di Matematika"
"Search query for lacking subtopic in ""Trigonometri Dasar"" at course Matematika,Kenapa Trigonometri Dasar penting dalam Matematika?"
"Search query for lacking subtopic in ""Trigonometri Dasar"" at course Matematika,Praktik sederhana untuk memahami Trigonometri Dasar dalam Matematika"
"Search query for lacking subtopic in ""Trigonometri Dasar"" at course Matematika,Latihan terbaik untuk menguasai Trigonometri Dasar di Matematika"
"Search query for lacking subtopic in ""Trigonometri Dasar"" at course Matematika,Bagaimana cara mengajarkan Trigonometri Dasar di Matematika untuk siswa?"
"Search query for lacking subtopic in ""Statistika Dasar"" at course Matematika,Tips bagaimana cara belajar tentang Statistika Dasar Matematika"
"Search query for lacking subtopic in ""Statistika Dasar"" at course Matematika,Artikel tentang Statistika Dasar Matematika untuk pemula"
"Search query for lacking subtopic in ""Statistika Dasar"" at course Matematika,Penjelasan mudah tentang Statistika Dasar dalam Matematika"
"Search query for lacking subtopic in ""Statistika Dasar"" at course Matematika,Bacaan menarik tentang Statistika Dasar dalam Matematika"
"Search query for lacking subtopic in ""Statistika Dasar"" at course Matematika,Strategi belajar efektif untuk memahami Statistika Dasar Matematika"
"Search query for lacking subtopic in ""Statistika Dasar"" at course Matematika,Langkah awal memahami Statistika Dasar dalam Matematika"
"Search query for lacking subtopic in ""Statistika Dasar"" at course Matematika,Panduan belajar Statistika Dasar untuk siswa Matematika"
"Search query for lacking subtopic in ""Statistika Dasar"" at course Matematika,Materi menarik untuk mendalami Statistika Dasar dalam Matematika"
"Search query for lacking subtopic in ""Statistika Dasar"" at course Matematika,Soal dan pembahasan terkait Statistika Dasar Matematika"
"Search query for lacking subtopic in ""Statistika Dasar"" at course Matematika,Video pembelajaran tentang Statistika Dasar dalam Matematika"
"Search query for lacking subtopic in ""Statistika Dasar"" at course Matematika,Cara kreatif untuk belajar Statistika Dasar di Matematika"
"Search query for lacking subtopic in ""Statistika Dasar"" at course Matematika,Kenapa Statistika Dasar penting dalam Matematika?"
"Search query for lacking subtopic in ""Statistika Dasar"" at course Matematika,Praktik sederhana untuk memahami Statistika Dasar dalam Matematika"
"Search query for lacking subtopic in ""Statistika Dasar"" at course Matematika,Latihan terbaik untuk menguasai Statistika Dasar di Matematika"
"Search query for lacking subtopic in ""Statistika Dasar"" at course Matematika,Bagaimana cara mengajarkan Statistika Dasar di Matematika untuk siswa?"
"Search query for lacking subtopic in ""Peluang dan Probabilitas"" at course Matematika,Tips bagaimana cara belajar tentang Peluang dan Probabilitas Matematika"
"Search query for lacking subtopic in ""Peluang dan Probabilitas"" at course Matematika,Artikel tentang Peluang dan Probabilitas Matematika untuk pemula"
"Search query for lacking subtopic in ""Peluang dan Probabilitas"" at course Matematika,Penjelasan mudah tentang Peluang dan Probabilitas dalam Matematika"
"Search query for lacking subtopic in ""Peluang dan Probabilitas"" at course Matematika,Bacaan menarik tentang Peluang dan Probabilitas dalam Matematika"
"Search query for lacking subtopic in ""Peluang dan Probabilitas"" at course Matematika,Strategi belajar efektif untuk memahami Peluang dan Probabilitas Matematika"
"Search query for lacking subtopic in ""Peluang dan Probabilitas"" at course Matematika,Langkah awal memahami Peluang dan Probabilitas dalam Matematika"
"Search query for lacking subtopic in ""Peluang dan Probabilitas"" at course Matematika,Panduan belajar Peluang dan Probabilitas untuk siswa Matematika"
"Search query for lacking subtopic in ""Peluang dan Probabilitas"" at course Matematika,Materi menarik untuk mendalami Peluang dan Probabilitas dalam Matematika"
"Search query for lacking subtopic in ""Peluang dan Probabilitas"" at course Matematika,Soal dan pembahasan terkait Peluang dan Probabilitas Matematika"
"Search query for lacking subtopic in ""Peluang dan Probabilitas"" at course Matematika,Video pembelajaran tentang Peluang dan Probabilitas dalam Matematika"
"Search query for lacking subtopic in ""Peluang dan Probabilitas"" at course Matematika,Cara kreatif untuk belajar Peluang dan Probabilitas di Matematika"
"Search query for lacking subtopic in ""Peluang dan Probabilitas"" at course Matematika,Kenapa Peluang dan Probabilitas penting dalam Matematika?"
"Search query for lacking subtopic in ""Peluang dan Probabilitas"" at course Matematika,Praktik sederhana untuk memahami Peluang dan Probabilitas dalam Matematika"
"Search query for lacking subtopic in ""Peluang dan Probabilitas"" at course Matematika,Latihan terbaik untuk menguasai Peluang dan Probabilitas di Matematika"
"Search query for lacking subtopic in ""Peluang dan Probabilitas"" at course Matematika,Bagaimana cara mengajarkan Peluang dan Probabilitas di Matematika untuk siswa?"
"Search query for lacking subtopic in ""Kalkulus Dasar"" at course Matematika,Tips bagaimana cara belajar tentang Kalkulus Dasar Matematika"
"Search query for lacking subtopic in ""Kalkulus Dasar"" at course Matematika,Artikel tentang Kalkulus Dasar Matematika untuk pemula"
"Search query for lacking subtopic in ""Kalkulus Dasar"" at course Matematika,Penjelasan mudah tentang Kalkulus Dasar dalam Matematika"
"Search query for lacking subtopic in ""Kalkulus Dasar"" at course Matematika,Bacaan menarik tentang Kalkulus Dasar dalam Matematika"
"Search query for lacking subtopic in ""Kalkulus Dasar"" at course Matematika,Strategi belajar efektif untuk memahami Kalkulus Dasar Matematika"
"Search query for lacking subtopic in ""Kalkulus Dasar"" at course Matematika,Langkah awal memahami Kalkulus Dasar dalam Matematika"
"Search query for lacking subtopic in ""Kalkulus Dasar"" at course Matematika,Panduan belajar Kalkulus Dasar untuk siswa Matematika"
"Search query for lacking subtopic in ""Kalkulus Dasar"" at course Matematika,Materi menarik untuk mendalami Kalkulus Dasar dalam Matematika"
"Search query for lacking subtopic in ""Kalkulus Dasar"" at course Matematika,Soal dan pembahasan terkait Kalkulus Dasar Matematika"
"Search query for lacking subtopic in ""Kalkulus Dasar"" at course Matematika,Video pembelajaran tentang Kalkulus Dasar dalam Matematika"
"Search query for lacking subtopic in ""Kalkulus Dasar"" at course Matematika,Cara kreatif untuk belajar Kalkulus Dasar di Matematika"
"Search query for lacking subtopic in ""Kalkulus Dasar"" at course Matematika,Kenapa Kalkulus Dasar penting dalam Matematika?"
"Search query for lacking subtopic in ""Kalkulus Dasar"" at course Matematika,Praktik sederhana untuk memahami Kalkulus Dasar dalam Matematika"
"Search query for lacking subtopic in ""Kalkulus Dasar"" at course Matematika,Latihan terbaik untuk menguasai Kalkulus Dasar di Matematika"
"Search query for lacking subtopic in ""Kalkulus Dasar"" at course Matematika,Bagaimana cara mengajarkan Kalkulus Dasar di Matematika untuk siswa?"
"Search query for lacking subtopic in ""Bilangan Kompleks"" at course Matematika,Tips bagaimana cara belajar tentang Bilangan Kompleks Matematika"
"Search query for lacking subtopic in ""Bilangan Kompleks"" at course Matematika,Artikel tentang Bilangan Kompleks Matematika untuk pemula"
"Search query for lacking subtopic in ""Bilangan Kompleks"" at course Matematika,Penjelasan mudah tentang Bilangan Kompleks dalam Matematika"
"Search query for lacking subtopic in ""Bilangan Kompleks"" at course Matematika,Bacaan menarik tentang Bilangan Kompleks dalam Matematika"
"Search query for lacking subtopic in ""Bilangan Kompleks"" at course Matematika,Strategi belajar efektif untuk memahami Bilangan Kompleks Matematika"
"Search query for lacking subtopic in ""Bilangan Kompleks"" at course Matematika,Langkah awal memahami Bilangan Kompleks dalam Matematika"
"Search query for lacking subtopic in ""Bilangan Kompleks"" at course Matematika,Panduan belajar Bilangan Kompleks untuk siswa Matematika"
"Search query for lacking subtopic in ""Bilangan Kompleks"" at course Matematika,Materi menarik untuk mendalami Bilangan Kompleks dalam Matematika"
"Search query for lacking subtopic in ""Bilangan Kompleks"" at course Matematika,Soal dan pembahasan terkait Bilangan Kompleks Matematika"
"Search query for lacking subtopic in ""Bilangan Kompleks"" at course Matematika,Video pembelajaran tentang Bilangan Kompleks dalam Matematika"
"Search query for lacking subtopic in ""Bilangan Kompleks"" at course Matematika,Cara kreatif untuk belajar Bilangan Kompleks di Matematika"
"Search query for lacking subtopic in ""Bilangan Kompleks"" at course Matematika,Kenapa Bilangan Kompleks penting dalam Matematika?"
"Search query for lacking subtopic in ""Bilangan Kompleks"" at course Matematika,Praktik sederhana untuk memahami Bilangan Kompleks dalam Matematika"
"Search query for lacking subtopic in ""Bilangan Kompleks"" at course Matematika,Latihan terbaik untuk menguasai Bilangan Kompleks di Matematika"
"Search query for lacking subtopic in ""Bilangan Kompleks"" at course Matematika,Bagaimana cara mengajarkan Bilangan Kompleks di Matematika untuk siswa?"
"Search query for lacking subtopic in ""Aljabar Linear"" at course Matematika,Tips bagaimana cara belajar tentang Aljabar Linear Matematika"
"Search query for lacking subtopic in ""Aljabar Linear"" at course Matematika,Artikel tentang Aljabar Linear Matematika untuk pemula"
"Search query for lacking subtopic in ""Aljabar Linear"" at course Matematika,Penjelasan mudah tentang Aljabar Linear dalam Matematika"
"Search query for lacking subtopic in ""Aljabar Linear"" at course Matematika,Bacaan menarik tentang Aljabar Linear dalam Matematika"
"Search query for lacking subtopic in ""Aljabar Linear"" at course Matematika,Strategi belajar efektif untuk memahami Aljabar Linear Matematika"
"Search query for lacking subtopic in ""Aljabar Linear"" at course Matematika,Langkah awal memahami Aljabar Linear dalam Matematika"
"Search query for lacking subtopic in ""Aljabar Linear"" at course Matematika,Panduan belajar Aljabar Linear untuk siswa Matematika"
"Search query for lacking subtopic in ""Aljabar Linear"" at course Matematika,Materi menarik untuk mendalami Aljabar Linear dalam Matematika"
"Search query for lacking subtopic in ""Aljabar Linear"" at course Matematika,Soal dan pembahasan terkait Aljabar Linear Matematika"
"Search query for lacking subtopic in ""Aljabar Linear"" at course Matematika,Video pembelajaran tentang Aljabar Linear dalam Matematika"
"Search query for lacking subtopic in ""Aljabar Linear"" at course Matematika,Cara kreatif untuk belajar Aljabar Linear di Matematika"
"Search query for lacking subtopic in ""Aljabar Linear"" at course Matematika,Kenapa Aljabar Linear penting dalam Matematika?"
"Search query for lacking subtopic in ""Aljabar Linear"" at course Matematika,Praktik sederhana untuk memahami Aljabar Linear dalam Matematika"
"Search query for lacking subtopic in ""Aljabar Linear"" at course Matematika,Latihan terbaik untuk menguasai Aljabar Linear di Matematika"
"Search query for lacking subtopic in ""Aljabar Linear"" at course Matematika,Bagaimana cara mengajarkan Aljabar Linear di Matematika untuk siswa?"
"Search query for lacking subtopic in ""Fungsi dan Grafik"" at course Matematika,Tips bagaimana cara belajar tentang Fungsi dan Grafik Matematika"
"Search query for lacking subtopic in ""Fungsi dan Grafik"" at course Matematika,Artikel tentang Fungsi dan Grafik Matematika untuk pemula"
"Search query for lacking subtopic in ""Fungsi dan Grafik"" at course Matematika,Penjelasan mudah tentang Fungsi dan Grafik dalam Matematika"
"Search query for lacking subtopic in ""Fungsi dan Grafik"" at course Matematika,Bacaan menarik tentang Fungsi dan Grafik dalam Matematika"
"Search query for lacking subtopic in ""Fungsi dan Grafik"" at course Matematika,Strategi belajar efektif untuk memahami Fungsi dan Grafik Matematika"
"Search query for lacking subtopic in ""Fungsi dan Grafik"" at course Matematika,Langkah awal memahami Fungsi dan Grafik dalam Matematika"
"Search query for lacking subtopic in ""Fungsi dan Grafik"" at course Matematika,Panduan belajar Fungsi dan Grafik untuk siswa Matematika"
"Search query for lacking subtopic in ""Fungsi dan Grafik"" at course Matematika,Materi menarik untuk mendalami Fungsi dan Grafik dalam Matematika"
"Search query for lacking subtopic in ""Fungsi dan Grafik"" at course Matematika,Soal dan pembahasan terkait Fungsi dan Grafik Matematika"
"Search query for lacking subtopic in ""Fungsi dan Grafik"" at course Matematika,Video pembelajaran tentang Fungsi dan Grafik dalam Matematika"
"Search query for lacking subtopic in ""Fungsi dan Grafik"" at course Matematika,Cara kreatif untuk belajar Fungsi dan Grafik di Matematika"
"Search query for lacking subtopic in ""Fungsi dan Grafik"" at course Matematika,Kenapa Fungsi dan Grafik penting dalam Matematika?"
"Search query for lacking subtopic in ""Fungsi dan Grafik"" at course Matematika,Praktik sederhana untuk memahami Fungsi dan Grafik dalam Matematika"
"Search query for lacking subtopic in ""Fungsi dan Grafik"" at course Matematika,Latihan terbaik untuk menguasai Fungsi dan Grafik di Matematika"
"Search query for lacking subtopic in ""Fungsi dan Grafik"" at course Matematika,Bagaimana cara mengajarkan Fungsi dan Grafik di Matematika untuk siswa?"
"Search query for lacking subtopic in ""Logika Matematika"" at course Matematika,Tips bagaimana cara belajar tentang Logika Matematika Matematika"
"Search query for lacking subtopic in ""Logika Matematika"" at course Matematika,Artikel tentang Logika Matematika Matematika untuk pemula"
"Search query for lacking subtopic in ""Logika Matematika"" at course Matematika,Penjelasan mudah tentang Logika Matematika dalam Matematika"
"Search query for lacking subtopic in ""Logika Matematika"" at course Matematika,Bacaan menarik tentang Logika Matematika dalam Matematika"
"Search query for lacking subtopic in ""Logika Matematika"" at course Matematika,Strategi belajar efektif untuk memahami Logika Matematika Matematika"
"Search query for lacking subtopic in ""Logika Matematika"" at course Matematika,Langkah awal memahami Logika Matematika dalam Matematika"
"Search query for lacking subtopic in ""Logika Matematika"" at course Matematika,Panduan belajar Logika Matematika untuk siswa Matematika"
"Search query for lacking subtopic in ""Logika Matematika"" at course Matematika,Materi menarik untuk mendalami Logika Matematika dalam Matematika"
"Search query for lacking subtopic in ""Logika Matematika"" at course Matematika,Soal dan pembahasan terkait Logika Matematika Matematika"
"Search query for lacking subtopic in ""Logika Matematika"" at course Matematika,Video pembelajaran tentang Logika Matematika dalam Matematika"
"Search query for lacking subtopic in ""Logika Matematika"" at course Matematika,Cara kreatif untuk belajar Logika Matematika di Matematika"
"Search query for lacking subtopic in ""Logika Matematika"" at course Matematika,Kenapa Logika Matematika penting dalam Matematika?"
"Search query for lacking subtopic in ""Logika Matematika"" at course Matematika,Praktik sederhana untuk memahami Logika Matematika dalam Matematika"
"Search query for lacking subtopic in ""Logika Matematika"" at course Matematika,Latihan terbaik untuk menguasai Logika Matematika di Matematika"
"Search query for lacking subtopic in ""Logika Matematika"" at course Matematika,Bagaimana cara mengajarkan Logika Matematika di Matematika untuk siswa?"
"Search query for lacking subtopic in ""Persamaan Diferensial"" at course Matematika,Tips bagaimana cara belajar tentang Persamaan Diferensial Matematika"
"Search query for lacking subtopic in ""Persamaan Diferensial"" at course Matematika,Artikel tentang Persamaan Diferensial Matematika untuk pemula"
"Search query for lacking subtopic in ""Persamaan Diferensial"" at course Matematika,Penjelasan mudah tentang Persamaan Diferensial dalam Matematika"
"Search query for lacking subtopic in ""Persamaan Diferensial"" at course Matematika,Bacaan menarik tentang Persamaan Diferensial dalam Matematika"
"Search query for lacking subtopic in ""Persamaan Diferensial"" at course Matematika,Strategi belajar efektif untuk memahami Persamaan Diferensial Matematika"
"Search query for lacking subtopic in ""Persamaan Diferensial"" at course Matematika,Langkah awal memahami Persamaan Diferensial dalam Matematika"
"Search query for lacking subtopic in ""Persamaan Diferensial"" at course Matematika,Panduan belajar Persamaan Diferensial untuk siswa Matematika"
"Search query for lacking subtopic in ""Persamaan Diferensial"" at course Matematika,Materi menarik untuk mendalami Persamaan Diferensial dalam Matematika"
"Search query for lacking subtopic in ""Persamaan Diferensial"" at course Matematika,Soal dan pembahasan terkait Persamaan Diferensial Matematika"
"Search query for lacking subtopic in ""Persamaan Diferensial"" at course Matematika,Video pembelajaran tentang Persamaan Diferensial dalam Matematika"
"Search query for lacking subtopic in ""Persamaan Diferensial"" at course Matematika,Cara kreatif untuk belajar Persamaan Diferensial di Matematika"
"Search query for lacking subtopic in ""Persamaan Diferensial"" at course Matematika,Kenapa Persamaan Diferensial penting dalam Matematika?"
"Search query for lacking subtopic in ""Persamaan Diferensial"" at course Matematika,Praktik sederhana untuk memahami Persamaan Diferensial dalam Matematika"
"Search query for lacking subtopic in ""Persamaan Diferensial"" at course Matematika,Latihan terbaik untuk menguasai Persamaan Diferensial di Matematika"
"Search query for lacking subtopic in ""Persamaan Diferensial"" at course Matematika,Bagaimana cara mengajarkan Persamaan Diferensial di Matematika untuk siswa?"
"Search query for lacking subtopic in ""Transformasi Geometri"" at course Matematika,Tips bagaimana cara belajar tentang Transformasi Geometri Matematika"
"Search query for lacking subtopic in ""Transformasi Geometri"" at course Matematika,Artikel tentang Transformasi Geometri Matematika untuk pemula"
"Search query for lacking subtopic in ""Transformasi Geometri"" at course Matematika,Penjelasan mudah tentang Transformasi Geometri dalam Matematika"
"Search query for lacking subtopic in ""Transformasi Geometri"" at course Matematika,Bacaan menarik tentang Transformasi Geometri dalam Matematika"
"Search query for lacking subtopic in ""Transformasi Geometri"" at course Matematika,Strategi belajar efektif untuk memahami Transformasi Geometri Matematika"
"Search query for lacking subtopic in ""Transformasi Geometri"" at course Matematika,Langkah awal memahami Transformasi Geometri dalam Matematika"
"Search query for lacking subtopic in ""Transformasi Geometri"" at course Matematika,Panduan belajar Transformasi Geometri untuk siswa Matematika"
"Search query for lacking subtopic in ""Transformasi Geometri"" at course Matematika,Materi menarik untuk mendalami Transformasi Geometri dalam Matematika"
"Search query for lacking subtopic in ""Transformasi Geometri"" at course Matematika,Soal dan pembahasan terkait Transformasi Geometri Matematika"
"Search query for lacking subtopic in ""Transformasi Geometri"" at course Matematika,Video pembelajaran tentang Transformasi Geometri dalam Matematika"
"Search query for lacking subtopic in ""Transformasi Geometri"" at course Matematika,Cara kreatif untuk belajar Transformasi Geometri di Matematika"
"Search query for lacking subtopic in ""Transformasi Geometri"" at course Matematika,Kenapa Transformasi Geometri penting dalam Matematika?"
"Search query for lacking subtopic in ""Transformasi Geometri"" at course Matematika,Praktik sederhana untuk memahami Transformasi Geometri dalam Matematika"
"Search query for lacking subtopic in ""Transformasi Geometri"" at course Matematika,Latihan terbaik untuk menguasai Transformasi Geometri di Matematika"
"Search query for lacking subtopic in ""Transformasi Geometri"" at course Matematika,Bagaimana cara mengajarkan Transformasi Geometri di Matematika untuk siswa?"
"Search query for lacking subtopic in ""Hukum Newton"" at course Fisika,Tips bagaimana cara belajar tentang Hukum Newton Fisika"
"Search query for lacking subtopic in ""Hukum Newton"" at course Fisika,Artikel tentang Hukum Newton Fisika untuk pemula"
"Search query for lacking subtopic in ""Hukum Newton"" at course Fisika,Penjelasan mudah tentang Hukum Newton dalam Fisika"
"Search query for lacking subtopic in ""Hukum Newton"" at course Fisika,Bacaan menarik tentang Hukum Newton dalam Fisika"
"Search query for lacking subtopic in ""Hukum Newton"" at course Fisika,Strategi belajar efektif untuk memahami Hukum Newton Fisika"
"Search query for lacking subtopic in ""Hukum Newton"" at course Fisika,Langkah awal memahami Hukum Newton dalam Fisika"
"Search query for lacking subtopic in ""Hukum Newton"" at course Fisika,Panduan belajar Hukum Newton untuk siswa Fisika"
"Search query for lacking subtopic in ""Hukum Newton"" at course Fisika,Materi menarik untuk mendalami Hukum Newton dalam Fisika"
"Search query for lacking subtopic in ""Hukum Newton"" at course Fisika,Soal dan pembahasan terkait Hukum Newton Fisika"
"Search query for lacking subtopic in ""Hukum Newton"" at course Fisika,Video pembelajaran tentang Hukum Newton dalam Fisika"
"Search query for lacking subtopic in ""Hukum Newton"" at course Fisika,Cara kreatif untuk belajar Hukum Newton di Fisika"
"Search query for lacking subtopic in ""Hukum Newton"" at course Fisika,Kenapa Hukum Newton penting dalam Fisika?"
"Search query for lacking subtopic in ""Hukum Newton"" at course Fisika,Praktik sederhana untuk memahami Hukum Newton dalam Fisika"
"Search query for lacking subtopic in ""Hukum Newton"" at course Fisika,Latihan terbaik untuk menguasai Hukum Newton di Fisika"
"Search query for lacking subtopic in ""Hukum Newton"" at course Fisika,Bagaimana cara mengajarkan Hukum Newton di Fisika untuk siswa?"
"Search query for lacking subtopic in ""Energi dan Usaha"" at course Fisika,Tips bagaimana cara belajar tentang Energi dan Usaha Fisika"
"Search query for lacking subtopic in ""Energi dan Usaha"" at course Fisika,Artikel tentang Energi dan Usaha Fisika untuk pemula"
"Search query for lacking subtopic in ""Energi dan Usaha"" at course Fisika,Penjelasan mudah tentang Energi dan Usaha dalam Fisika"
"Search query for lacking subtopic in ""Energi dan Usaha"" at course Fisika,Bacaan menarik tentang Energi dan Usaha dalam Fisika"
"Search query for lacking subtopic in ""Energi dan Usaha"" at course Fisika,Strategi belajar efektif untuk memahami Energi dan Usaha Fisika"
"Search query for lacking subtopic in ""Energi dan Usaha"" at course Fisika,Langkah awal memahami Energi dan Usaha dalam Fisika"
"Search query for lacking subtopic in ""Energi dan Usaha"" at course Fisika,Panduan belajar Energi dan Usaha untuk siswa Fisika"
"Search query for lacking subtopic in ""Energi dan Usaha"" at course Fisika,Materi menarik untuk mendalami Energi dan Usaha dalam Fisika"
"Search query for lacking subtopic in ""Energi dan Usaha"" at course Fisika,Soal dan pembahasan terkait Energi dan Usaha Fisika"
"Search query for lacking subtopic in ""Energi dan Usaha"" at course Fisika,Video pembelajaran tentang Energi dan Usaha dalam Fisika"
"Search query for lacking subtopic in ""Energi dan Usaha"" at course Fisika,Cara kreatif untuk belajar Energi dan Usaha di Fisika"
"Search query for lacking subtopic in ""Energi dan Usaha"" at course Fisika,Kenapa Energi dan Usaha penting dalam Fisika?"
"Search query for lacking subtopic in ""Energi dan Usaha"" at course Fisika,Praktik sederhana untuk memahami Energi dan Usaha dalam Fisika"
"Search query for lacking subtopic in ""Energi dan Usaha"" at course Fisika,Latihan terbaik untuk menguasai Energi dan Usaha di Fisika"
"Search query for lacking subtopic in ""Energi dan Usaha"" at course Fisika,Bagaimana cara mengajarkan Energi dan Usaha di Fisika untuk siswa?"
"Search query for lacking subtopic in ""Kinematika Dasar"" at course Fisika,Tips bagaimana cara belajar tentang Kinematika Dasar Fisika"
"Search query for lacking subtopic in ""Kinematika Dasar"" at course Fisika,Artikel tentang Kinematika Dasar Fisika untuk pemula"
"Search query for lacking subtopic in ""Kinematika Dasar"" at course Fisika,Penjelasan mudah tentang Kinematika Dasar dalam Fisika"
"Search query for lacking subtopic in ""Kinematika Dasar"" at course Fisika,Bacaan menarik tentang Kinematika Dasar dalam Fisika"
"Search query for lacking subtopic in ""Kinematika Dasar"" at course Fisika,Strategi belajar efektif untuk memahami Kinematika Dasar Fisika"
"Search query for lacking subtopic in ""Kinematika Dasar"" at course Fisika,Langkah awal memahami Kinematika Dasar dalam Fisika"
"Search query for lacking subtopic in ""Kinematika Dasar"" at course Fisika,Panduan belajar Kinematika Dasar untuk siswa Fisika"
"Search query for lacking subtopic in ""Kinematika Dasar"" at course Fisika,Materi menarik untuk mendalami Kinematika Dasar dalam Fisika"
"Search query for lacking subtopic in ""Kinematika Dasar"" at course Fisika,Soal dan pembahasan terkait Kinematika Dasar Fisika"
"Search query for lacking subtopic in ""Kinematika Dasar"" at course Fisika,Video pembelajaran tentang Kinematika Dasar dalam Fisika"
"Search query for lacking subtopic in ""Kinematika Dasar"" at course Fisika,Cara kreatif untuk belajar Kinematika Dasar di Fisika"
"Search query for lacking subtopic in ""Kinematika Dasar"" at course Fisika,Kenapa Kinematika Dasar penting dalam Fisika?"
"Search query for lacking subtopic in ""Kinematika Dasar"" at course Fisika,Praktik sederhana untuk memahami Kinematika Dasar dalam Fisika"
"Search query for lacking subtopic in ""Kinematika Dasar"" at course Fisika,Latihan terbaik untuk menguasai Kinematika Dasar di Fisika"
"Search query for lacking subtopic in ""Kinematika Dasar"" at course Fisika,Bagaimana cara mengajarkan Kinematika Dasar di Fisika untuk siswa?"
"Search query for lacking subtopic in ""Dinamika Rotasi"" at course Fisika,Tips bagaimana cara belajar tentang Dinamika Rotasi Fisika"
"Search query for lacking subtopic in ""Dinamika Rotasi"" at course Fisika,Artikel tentang Dinamika Rotasi Fisika untuk pemula"
"Search query for lacking subtopic in ""Dinamika Rotasi"" at course Fisika,Penjelasan mudah tentang Dinamika Rotasi dalam Fisika"
"Search query for lacking subtopic in ""Dinamika Rotasi"" at course Fisika,Bacaan menarik tentang Dinamika Rotasi dalam Fisika"
"Search query for lacking subtopic in ""Dinamika Rotasi"" at course Fisika,Strategi belajar efektif untuk memahami Dinamika Rotasi Fisika"
"Search query for lacking subtopic in ""Dinamika Rotasi"" at course Fisika,Langkah awal memahami Dinamika Rotasi dalam Fisika"
"Search query for lacking subtopic in ""Dinamika Rotasi"" at course Fisika,Panduan belajar Dinamika Rotasi untuk siswa Fisika"
"Search query for lacking subtopic in ""Dinamika Rotasi"" at course Fisika,Materi menarik untuk mendalami Dinamika Rotasi dalam Fisika"
"Search query for lacking subtopic in ""Dinamika Rotasi"" at course Fisika,Soal dan pembahasan terkait Dinamika Rotasi Fisika"
"Search query for lacking subtopic in ""Dinamika Rotasi"" at course Fisika,Video pembelajaran tentang Dinamika Rotasi dalam Fisika"
"Search query for lacking subtopic in ""Dinamika Rotasi"" at course Fisika,Cara kreatif untuk belajar Dinamika Rotasi di Fisika"
"Search query for lacking subtopic in ""Dinamika Rotasi"" at course Fisika,Kenapa Dinamika Rotasi penting dalam Fisika?"
"Search query for lacking subtopic in ""Dinamika Rotasi"" at course Fisika,Praktik sederhana untuk memahami Dinamika Rotasi dalam Fisika"
"Search query for lacking subtopic in ""Dinamika Rotasi"" at course Fisika,Latihan terbaik untuk menguasai Dinamika Rotasi di Fisika"
"Search query for lacking subtopic in ""Dinamika Rotasi"" at course Fisika,Bagaimana cara mengajarkan Dinamika Rotasi di Fisika untuk siswa?"
"Search query for lacking subtopic in ""Gelombang dan Optik"" at course Fisika,Tips bagaimana cara belajar tentang Gelombang dan Optik Fisika"
"Search query for lacking subtopic in ""Gelombang dan Optik"" at course Fisika,Artikel tentang Gelombang dan Optik Fisika untuk pemula"
"Search query for lacking subtopic in ""Gelombang dan Optik"" at course Fisika,Penjelasan mudah tentang Gelombang dan Optik dalam Fisika"
"Search query for lacking subtopic in ""Gelombang dan Optik"" at course Fisika,Bacaan menarik tentang Gelombang dan Optik dalam Fisika"
"Search query for lacking subtopic in ""Gelombang dan Optik"" at course Fisika,Strategi belajar efektif untuk memahami Gelombang dan Optik Fisika"
"Search query for lacking subtopic in ""Gelombang dan Optik"" at course Fisika,Langkah awal memahami Gelombang dan Optik dalam Fisika"
"Search query for lacking subtopic in ""Gelombang dan Optik"" at course Fisika,Panduan belajar Gelombang dan Optik untuk siswa Fisika"
"Search query for lacking subtopic in ""Gelombang dan Optik"" at course Fisika,Materi menarik untuk mendalami Gelombang dan Optik dalam Fisika"
"Search query for lacking subtopic in ""Gelombang dan Optik"" at course Fisika,Soal dan pembahasan terkait Gelombang dan Optik Fisika"
"Search query for lacking subtopic in ""Gelombang dan Optik"" at course Fisika,Video pembelajaran tentang Gelombang dan Optik dalam Fisika"
"Search query for lacking subtopic in ""Gelombang dan Optik"" at course Fisika,Cara kreatif untuk belajar Gelombang dan Optik di Fisika"
"Search query for lacking subtopic in ""Gelombang dan Optik"" at course Fisika,Kenapa Gelombang dan Optik penting dalam Fisika?"
"Search query for lacking subtopic in ""Gelombang dan Optik"" at course Fisika,Praktik sederhana untuk memahami Gelombang dan Optik dalam Fisika"
"Search query for lacking subtopic in ""Gelombang dan Optik"" at course Fisika,Latihan terbaik untuk menguasai Gelombang dan Optik di Fisika"
"Search query for lacking subtopic in ""Gelombang dan Optik"" at course Fisika,Bagaimana cara mengajarkan Gelombang dan Optik di Fisika untuk siswa?"
"Search query for lacking subtopic in ""Listrik dan Magnet"" at course Fisika,Tips bagaimana cara belajar tentang Listrik dan Magnet Fisika"
"Search query for lacking subtopic in ""Listrik dan Magnet"" at course Fisika,Artikel tentang Listrik dan Magnet Fisika untuk pemula"
"Search query for lacking subtopic in ""Listrik dan Magnet"" at course Fisika,Penjelasan mudah tentang Listrik dan Magnet dalam Fisika"
"Search query for lacking subtopic in ""Listrik dan Magnet"" at course Fisika,Bacaan menarik tentang Listrik dan Magnet dalam Fisika"
"Search query for lacking subtopic in ""Listrik dan Magnet"" at course Fisika,Strategi belajar efektif untuk memahami Listrik dan Magnet Fisika"
"Search query for lacking subtopic in ""Listrik dan Magnet"" at course Fisika,Langkah awal memahami Listrik dan Magnet dalam Fisika"
"Search query for lacking subtopic in ""Listrik dan Magnet"" at course Fisika,Panduan belajar Listrik dan Magnet untuk siswa Fisika"
"Search query for lacking subtopic in ""Listrik dan Magnet"" at course Fisika,Materi menarik untuk mendalami Listrik dan Magnet dalam Fisika"
"Search query for lacking subtopic in ""Listrik dan Magnet"" at course Fisika,Soal dan pembahasan terkait Listrik dan Magnet Fisika"
"Search query for lacking subtopic in ""Listrik dan Magnet"" at course Fisika,Video pembelajaran tentang Listrik dan Magnet dalam Fisika"
"Search query for lacking subtopic in ""Listrik dan Magnet"" at course Fisika,Cara kreatif untuk belajar Listrik dan Magnet di Fisika"
"Search query for lacking subtopic in ""Listrik dan Magnet"" at course Fisika,Kenapa Listrik dan Magnet penting dalam Fisika?"
"Search query for lacking subtopic in ""Listrik dan Magnet"" at course Fisika,Praktik sederhana untuk memahami Listrik dan Magnet dalam Fisika"
"Search query for lacking subtopic in ""Listrik dan Magnet"" at course Fisika,Latihan terbaik untuk menguasai Listrik dan Magnet di Fisika"
"Search query for lacking subtopic in ""Listrik dan Magnet"" at course Fisika,Bagaimana cara mengajarkan Listrik dan Magnet di Fisika untuk siswa?"
"Search query for lacking subtopic in ""Termodinamika"" at course Fisika,Tips bagaimana cara belajar tentang Termodinamika Fisika"
"Search query for lacking subtopic in ""Termodinamika"" at course Fisika,Artikel tentang Termodinamika Fisika untuk pemula"
"Search query for lacking subtopic in ""Termodinamika"" at course Fisika,Penjelasan mudah tentang Termodinamika dalam Fisika"
"Search query for lacking subtopic in ""Termodinamika"" at course Fisika,Bacaan menarik tentang Termodinamika dalam Fisika"
"Search query for lacking subtopic in ""Termodinamika"" at course Fisika,Strategi belajar efektif untuk memahami Termodinamika Fisika"
"Search query for lacking subtopic in ""Termodinamika"" at course Fisika,Langkah awal memahami Termodinamika dalam Fisika"
"Search query for lacking subtopic in ""Termodinamika"" at course Fisika,Panduan belajar Termodinamika untuk siswa Fisika"
"Search query for lacking subtopic in ""Termodinamika"" at course Fisika,Materi menarik untuk mendalami Termodinamika dalam Fisika"
"Search query for lacking subtopic in ""Termodinamika"" at course Fisika,Soal dan pembahasan terkait Termodinamika Fisika"
"Search query for lacking subtopic in ""Termodinamika"" at course Fisika,Video pembelajaran tentang Termodinamika dalam Fisika"
"Search query for lacking subtopic in ""Termodinamika"" at course Fisika,Cara kreatif untuk belajar Termodinamika di Fisika"
"Search query for lacking subtopic in ""Termodinamika"" at course Fisika,Kenapa Termodinamika penting dalam Fisika?"
"Search query for lacking subtopic in ""Termodinamika"" at course Fisika,Praktik sederhana untuk memahami Termodinamika dalam Fisika"
"Search query for lacking subtopic in ""Termodinamika"" at course Fisika,Latihan terbaik untuk menguasai Termodinamika di Fisika"
"Search query for lacking subtopic in ""Termodinamika"" at course Fisika,Bagaimana cara mengajarkan Termodinamika di Fisika untuk siswa?"
"Search query for lacking subtopic in ""Fisika Kuantum Dasar"" at course Fisika,Tips bagaimana cara belajar tentang Fisika Kuantum Dasar Fisika"
"Search query for lacking subtopic in ""Fisika Kuantum Dasar"" at course Fisika,Artikel tentang Fisika Kuantum Dasar Fisika untuk pemula"
"Search query for lacking subtopic in ""Fisika Kuantum Dasar"" at course Fisika,Penjelasan mudah tentang Fisika Kuantum Dasar dalam Fisika"
"Search query for lacking subtopic in ""Fisika Kuantum Dasar"" at course Fisika,Bacaan menarik tentang Fisika Kuantum Dasar dalam Fisika"
"Search query for lacking subtopic in ""Fisika Kuantum Dasar"" at course Fisika,Strategi belajar efektif untuk memahami Fisika Kuantum Dasar Fisika"
"Search query for lacking subtopic in ""Fisika Kuantum Dasar"" at course Fisika,Langkah awal memahami Fisika Kuantum Dasar dalam Fisika"
"Search query for lacking subtopic in ""Fisika Kuantum Dasar"" at course Fisika,Panduan belajar Fisika Kuantum Dasar untuk siswa Fisika"
"Search query for lacking subtopic in ""Fisika Kuantum Dasar"" at course Fisika,Materi menarik untuk mendalami Fisika Kuantum Dasar dalam Fisika"
"Search query for lacking subtopic in ""Fisika Kuantum Dasar"" at course Fisika,Soal dan pembahasan terkait Fisika Kuantum Dasar Fisika"
"Search query for lacking subtopic in ""Fisika Kuantum Dasar"" at course Fisika,Video pembelajaran tentang Fisika Kuantum Dasar dalam Fisika"
"Search query for lacking subtopic in ""Fisika Kuantum Dasar"" at course Fisika,Cara kreatif untuk belajar Fisika Kuantum Dasar di Fisika"
"Search query for lacking subtopic in ""Fisika Kuantum Dasar"" at course Fisika,Kenapa Fisika Kuantum Dasar penting dalam Fisika?"
"Search query for lacking subtopic in ""Fisika Kuantum Dasar"" at course Fisika,Praktik sederhana untuk memahami Fisika Kuantum Dasar dalam Fisika"
"Search query for lacking subtopic in ""Fisika Kuantum Dasar"" at course Fisika,Latihan terbaik untuk menguasai Fisika Kuantum Dasar di Fisika"
"Search query for lacking subtopic in ""Fisika Kuantum Dasar"" at course Fisika,Bagaimana cara mengajarkan Fisika Kuantum Dasar di Fisika untuk siswa?"
"Search query for lacking subtopic in ""Gravitasi dan Relativitas"" at course Fisika,Tips bagaimana cara belajar tentang Gravitasi dan Relativitas Fisika"
"Search query for lacking subtopic in ""Gravitasi dan Relativitas"" at course Fisika,Artikel tentang Gravitasi dan Relativitas Fisika untuk pemula"
"Search query for lacking subtopic in ""Gravitasi dan Relativitas"" at course Fisika,Penjelasan mudah tentang Gravitasi dan Relativitas dalam Fisika"
"Search query for lacking subtopic in ""Gravitasi dan Relativitas"" at course Fisika,Bacaan menarik tentang Gravitasi dan Relativitas dalam Fisika"
"Search query for lacking subtopic in ""Gravitasi dan Relativitas"" at course Fisika,Strategi belajar efektif untuk memahami Gravitasi dan Relativitas Fisika"
"Search query for lacking subtopic in ""Gravitasi dan Relativitas"" at course Fisika,Langkah awal memahami Gravitasi dan Relativitas dalam Fisika"
"Search query for lacking subtopic in ""Gravitasi dan Relativitas"" at course Fisika,Panduan belajar Gravitasi dan Relativitas untuk siswa Fisika"
"Search query for lacking subtopic in ""Gravitasi dan Relativitas"" at course Fisika,Materi menarik untuk mendalami Gravitasi dan Relativitas dalam Fisika"
"Search query for lacking subtopic in ""Gravitasi dan Relativitas"" at course Fisika,Soal dan pembahasan terkait Gravitasi dan Relativitas Fisika"
"Search query for lacking subtopic in ""Gravitasi dan Relativitas"" at course Fisika,Video pembelajaran tentang Gravitasi dan Relativitas dalam Fisika"
"Search query for lacking subtopic in ""Gravitasi dan Relativitas"" at course Fisika,Cara kreatif untuk belajar Gravitasi dan Relativitas di Fisika"
"Search query for lacking subtopic in ""Gravitasi dan Relativitas"" at course Fisika,Kenapa Gravitasi dan Relativitas penting dalam Fisika?"
"Search query for lacking subtopic in ""Gravitasi dan Relativitas"" at course Fisika,Praktik sederhana untuk memahami Gravitasi dan Relativitas dalam Fisika"
"Search query for lacking subtopic in ""Gravitasi dan Relativitas"" at course Fisika,Latihan terbaik untuk menguasai Gravitasi dan Relativitas di Fisika"
"Search query for lacking subtopic in ""Gravitasi dan Relativitas"" at course Fisika,Bagaimana cara mengajarkan Gravitasi dan Relativitas di Fisika untuk siswa?"
"Search query for lacking subtopic in ""Fluida dan Hidrodinamika"" at course Fisika,Tips bagaimana cara belajar tentang Fluida dan Hidrodinamika Fisika"
"Search query for lacking subtopic in ""Fluida dan Hidrodinamika"" at course Fisika,Artikel tentang Fluida dan Hidrodinamika Fisika untuk pemula"
"Search query for lacking subtopic in ""Fluida dan Hidrodinamika"" at course Fisika,Penjelasan mudah tentang Fluida dan Hidrodinamika dalam Fisika"
"Search query for lacking subtopic in ""Fluida dan Hidrodinamika"" at course Fisika,Bacaan menarik tentang Fluida dan Hidrodinamika dalam Fisika"
"Search query for lacking subtopic in ""Fluida dan Hidrodinamika"" at course Fisika,Strategi belajar efektif untuk memahami Fluida dan Hidrodinamika Fisika"
"Search query for lacking subtopic in ""Fluida dan Hidrodinamika"" at course Fisika,Langkah awal memahami Fluida dan Hidrodinamika dalam Fisika"
"Search query for lacking subtopic in ""Fluida dan Hidrodinamika"" at course Fisika,Panduan belajar Fluida dan Hidrodinamika untuk siswa Fisika"
"Search query for lacking subtopic in ""Fluida dan Hidrodinamika"" at course Fisika,Materi menarik untuk mendalami Fluida dan Hidrodinamika dalam Fisika"
"Search query for lacking subtopic in ""Fluida dan Hidrodinamika"" at course Fisika,Soal dan pembahasan terkait Fluida dan Hidrodinamika Fisika"
"Search query for lacking subtopic in ""Fluida dan Hidrodinamika"" at course Fisika,Video pembelajaran tentang Fluida dan Hidrodinamika dalam Fisika"
"Search query for lacking subtopic in ""Fluida dan Hidrodinamika"" at course Fisika,Cara kreatif untuk belajar Fluida dan Hidrodinamika di Fisika"
"Search query for lacking subtopic in ""Fluida dan Hidrodinamika"" at course Fisika,Kenapa Fluida dan Hidrodinamika penting dalam Fisika?"
"Search query for lacking subtopic in ""Fluida dan Hidrodinamika"" at course Fisika,Praktik sederhana untuk memahami Fluida dan Hidrodinamika dalam Fisika"
"Search query for lacking subtopic in ""Fluida dan Hidrodinamika"" at course Fisika,Latihan terbaik untuk menguasai Fluida dan Hidrodinamika di Fisika"
"Search query for lacking subtopic in ""Fluida dan Hidrodinamika"" at course Fisika,Bagaimana cara mengajarkan Fluida dan Hidrodinamika di Fisika untuk siswa?"
"Search query for lacking subtopic in ""Fisika Partikel"" at course Fisika,Tips bagaimana cara belajar tentang Fisika Partikel Fisika"
"Search query for lacking subtopic in ""Fisika Partikel"" at course Fisika,Artikel tentang Fisika Partikel Fisika untuk pemula"
"Search query for lacking subtopic in ""Fisika Partikel"" at course Fisika,Penjelasan mudah tentang Fisika Partikel dalam Fisika"
"Search query for lacking subtopic in ""Fisika Partikel"" at course Fisika,Bacaan menarik tentang Fisika Partikel dalam Fisika"
"Search query for lacking subtopic in ""Fisika Partikel"" at course Fisika,Strategi belajar efektif untuk memahami Fisika Partikel Fisika"
"Search query for lacking subtopic in ""Fisika Partikel"" at course Fisika,Langkah awal memahami Fisika Partikel dalam Fisika"
"Search query for lacking subtopic in ""Fisika Partikel"" at course Fisika,Panduan belajar Fisika Partikel untuk siswa Fisika"
"Search query for lacking subtopic in ""Fisika Partikel"" at course Fisika,Materi menarik untuk mendalami Fisika Partikel dalam Fisika"
"Search query for lacking subtopic in ""Fisika Partikel"" at course Fisika,Soal dan pembahasan terkait Fisika Partikel Fisika"
"Search query for lacking subtopic in ""Fisika Partikel"" at course Fisika,Video pembelajaran tentang Fisika Partikel dalam Fisika"
"Search query for lacking subtopic in ""Fisika Partikel"" at course Fisika,Cara kreatif untuk belajar Fisika Partikel di Fisika"
"Search query for lacking subtopic in ""Fisika Partikel"" at course Fisika,Kenapa Fisika Partikel penting dalam Fisika?"
"Search query for lacking subtopic in ""Fisika Partikel"" at course Fisika,Praktik sederhana untuk memahami Fisika Partikel dalam Fisika"
"Search query for lacking subtopic in ""Fisika Partikel"" at course Fisika,Latihan terbaik untuk menguasai Fisika Partikel di Fisika"
"Search query for lacking subtopic in ""Fisika Partikel"" at course Fisika,Bagaimana cara mengajarkan Fisika Partikel di Fisika untuk siswa?"
"Search query for lacking subtopic in ""Energi Nuklir"" at course Fisika,Tips bagaimana cara belajar tentang Energi Nuklir Fisika"
"Search query for lacking subtopic in ""Energi Nuklir"" at course Fisika,Artikel tentang Energi Nuklir Fisika untuk pemula"
"Search query for lacking subtopic in ""Energi Nuklir"" at course Fisika,Penjelasan mudah tentang Energi Nuklir dalam Fisika"
"Search query for lacking subtopic in ""Energi Nuklir"" at course Fisika,Bacaan menarik tentang Energi Nuklir dalam Fisika"
"Search query for lacking subtopic in ""Energi Nuklir"" at course Fisika,Strategi belajar efektif untuk memahami Energi Nuklir Fisika"
"Search query for lacking subtopic in ""Energi Nuklir"" at course Fisika,Langkah awal memahami Energi Nuklir dalam Fisika"
"Search query for lacking subtopic in ""Energi Nuklir"" at course Fisika,Panduan belajar Energi Nuklir untuk siswa Fisika"
"Search query for lacking subtopic in ""Energi Nuklir"" at course Fisika,Materi menarik untuk mendalami Energi Nuklir dalam Fisika"
"Search query for lacking subtopic in ""Energi Nuklir"" at course Fisika,Soal dan pembahasan terkait Energi Nuklir Fisika"
"Search query for lacking subtopic in ""Energi Nuklir"" at course Fisika,Video pembelajaran tentang Energi Nuklir dalam Fisika"
"Search query for lacking subtopic in ""Energi Nuklir"" at course Fisika,Cara kreatif untuk belajar Energi Nuklir di Fisika"
"Search query for lacking subtopic in ""Energi Nuklir"" at course Fisika,Kenapa Energi Nuklir penting dalam Fisika?"
"Search query for lacking subtopic in ""Energi Nuklir"" at course Fisika,Praktik sederhana untuk memahami Energi Nuklir dalam Fisika"
"Search query for lacking subtopic in ""Energi Nuklir"" at course Fisika,Latihan terbaik untuk menguasai Energi Nuklir di Fisika"
"Search query for lacking subtopic in ""Energi Nuklir"" at course Fisika,Bagaimana cara mengajarkan Energi Nuklir di Fisika untuk siswa?"
"Search query for improving child activeness in class,""['Tips untuk meningkatkan keterlibatan siswa dalam kelas', 'Strategi agar siswa lebih aktif selama pembelajaran di kelas', 'Panduan untuk membantu siswa fokus di kelas', 'Tips sederhana untuk meningkatkan keaktifan siswa saat belajar', 'Bagaimana cara meningkatkan perhatian siswa dalam pembelajaran?']"""
